{
    "tags": {
        "allowUnknownTags": true
    },
    "source": {
        "include": [
            "Widget.js",
            "lib/",
            "setting/"
        ],
        "includePattern": ".js$",
        "excludePattern": "(node_modules/|docs)"
    },
    "plugins": ["plugins/markdown"],
    "opts": {
        "encoding": "utf8",
        "template": "node_modules/docdash",
        "destination": "../../../contributorGuide-JsDoc/",
        "recurse": true,
        "verbose": true
    },
    "markdown": {
        "parser": "gfm",
        "hardwrap": true
    },
    "templates": {
        "cleverLinks": false,
        "monospaceLinks": false,
        "default": {
            "outputSourceFiles": true,
            "includeDate": false
        }
    },
    "docdash": {
        "static": false,
        "sort": true
    }
}